"Date";"Value"
"03/01/1966";40,33999
"04/01/1966";39,268
"05/01/1966";39,268
"06/01/1966";39,26763
"07/01/1966";39,621
"08/01/1966";39,621
"09/01/1966";39,62091
"10/01/1966";39,52
"11/01/1966";39,52
"12/01/1966";39,51977
"01/01/1967";39,204
"02/01/1967";39,204
"03/01/1967";39,20383
"04/01/1967";38,033
"05/01/1967";38,033
"06/01/1967";38,03292
"07/01/1967";38,821
"08/01/1967";38,821
"09/01/1967";38,82145
"10/01/1967";39,102
"11/01/1967";39,102
"12/01/1967";39,10231
"01/01/1968";38,43
"02/01/1968";38,43
"03/01/1968";38,42951
"04/01/1968";36,964
"05/01/1968";36,964
"06/01/1968";36,96379
"07/01/1968";37,309
"08/01/1968";37,309
"09/01/1968";37,30897
"10/01/1968";36,985
"11/01/1968";36,985
"12/01/1968";36,98532
"01/01/1969";36,196
"02/01/1969";36,196
"03/01/1969";36,19577
"04/01/1969";34,974
"05/01/1969";34,974
"06/01/1969";34,97403
"07/01/1969";35,019
"08/01/1969";35,019
"09/01/1969";35,01946
"10/01/1969";35,47
"11/01/1969";35,47
"12/01/1969";35,46954
"01/01/1970";35,389
"02/01/1970";35,389
"03/01/1970";35,38879
"04/01/1970";34,673
"05/01/1970";34,673
"06/01/1970";34,67329
"07/01/1970";34,867
"08/01/1970";34,867
"09/01/1970";34,86717
"10/01/1970";35,748
"11/01/1970";35,748
"12/01/1970";35,74822
"01/01/1971";34,503
"02/01/1971";34,503
"03/01/1971";34,50345
"04/01/1971";34,361
"05/01/1971";34,361
"06/01/1971";34,36089
"07/01/1971";35,007
"08/01/1971";35,007
"09/01/1971";35,00694
"10/01/1971";35,632
"11/01/1971";35,632
"12/01/1971";35,63237
"01/01/1972";34,726
"02/01/1972";34,726
"03/01/1972";34,72622
"04/01/1972";33,674
"05/01/1972";33,674
"06/01/1972";33,67383
"07/01/1972";33,624
"08/01/1972";33,624
"09/01/1972";33,62447
"10/01/1972";33,748
"11/01/1972";33,748
"12/01/1972";33,74758
"01/01/1973";33,293
"02/01/1973";33,293
"03/01/1973";33,29287
"04/01/1973";32,345
"05/01/1973";32,345
"06/01/1973";32,34466
"07/01/1973";32,125
"08/01/1973";32,125
"09/01/1973";32,12455
"10/01/1973";31,774
"11/01/1973";31,774
"12/01/1973";31,77379
"01/01/1974";31,764
"02/01/1974";31,764
"03/01/1974";31,76449
"04/01/1974";30,995
"05/01/1974";30,995
"06/01/1974";30,99462
"07/01/1974";30,863
"08/01/1974";30,863
"09/01/1974";30,86269
"10/01/1974";30,798
"11/01/1974";30,798
"12/01/1974";30,79768
"01/01/1975";31,536
"02/01/1975";31,536
"03/01/1975";31,53604
"04/01/1975";32,278
"05/01/1975";32,278
"06/01/1975";32,27817
"07/01/1975";32,38
"08/01/1975";32,38
"09/01/1975";32,38043
"10/01/1975";32,73
"11/01/1975";32,73
"12/01/1975";32,7301
"01/01/1976";32,985
"02/01/1976";32,985
"03/01/1976";32,98513
"04/01/1976";33,495
"05/01/1976";33,495
"06/01/1976";33,49464
"07/01/1976";33,643
"08/01/1976";33,643
"09/01/1976";33,64333
"10/01/1976";33,788
"11/01/1976";33,788
"12/01/1976";33,78753
"01/01/1977";33,651
"02/01/1977";33,651
"03/01/1977";33,65136
"04/01/1977";32,804
"05/01/1977";32,804
"06/01/1977";32,80422
"07/01/1977";32,988
"08/01/1977";32,988
"09/01/1977";32,98791
"10/01/1977";33,219
"11/01/1977";33,219
"12/01/1977";33,21873
"01/01/1978";33,501
"02/01/1978";33,501
"03/01/1978";33,5012
"04/01/1978";32,124
"05/01/1978";32,124
"06/01/1978";32,12444
"07/01/1978";32,214
"08/01/1978";32,214
"09/01/1978";32,21407
"10/01/1978";31,862
"11/01/1978";31,862
"12/01/1978";31,86206
"01/01/1979";31,536
"02/01/1979";31,536
"03/01/1979";31,53601
"04/01/1979";31,063
"05/01/1979";31,063
"06/01/1979";31,06277
"07/01/1979";30,984
"08/01/1979";30,984
"09/01/1979";30,98402
"10/01/1979";31,026
"11/01/1979";31,026
"12/01/1979";31,02615
"01/01/1980";30,95
"02/01/1980";30,95
"03/01/1980";30,94982
"04/01/1980";31,373
"05/01/1980";31,373
"06/01/1980";31,37303
"07/01/1980";31,777
"08/01/1980";31,777
"09/01/1980";31,77687
"10/01/1980";31,157
"11/01/1980";31,157
"12/01/1980";31,157
"01/01/1981";30,873
"02/01/1981";30,873
"03/01/1981";30,87284
"04/01/1981";30,709
"05/01/1981";30,709
"06/01/1981";30,70875
"07/01/1981";30,603
"08/01/1981";30,603
"09/01/1981";30,60333
"10/01/1981";31,356
"11/01/1981";31,356
"12/01/1981";31,35587
"01/01/1982";32,413
"02/01/1982";32,413
"03/01/1982";32,41298
"04/01/1982";32,402
"05/01/1982";32,402
"06/01/1982";32,40213
"07/01/1982";33,925
"08/01/1982";33,925
"09/01/1982";33,9253
"10/01/1982";35,182
"11/01/1982";35,182
"12/01/1982";35,18156
"01/01/1983";35,829
"02/01/1983";35,829
"03/01/1983";35,82911
"04/01/1983";36,872
"05/01/1983";36,872
"06/01/1983";36,87167
"07/01/1983";37,331
"08/01/1983";37,331
"09/01/1983";37,3311
"10/01/1983";37,176
"11/01/1983";37,176
"12/01/1983";37,17553
"01/01/1984";37,454
"02/01/1984";37,454
"03/01/1984";37,45447
"04/01/1984";37,727
"05/01/1984";37,727
"06/01/1984";37,72687
"07/01/1984";38,496
"08/01/1984";38,496
"09/01/1984";38,49586
"10/01/1984";40,085
"11/01/1984";40,085
"12/01/1984";40,08547
"01/01/1985";40,441
"02/01/1985";40,441
"03/01/1985";40,44121
"04/01/1985";41,32
"05/01/1985";41,32
"06/01/1985";41,31983
"07/01/1985";41,559
"08/01/1985";41,559
"09/01/1985";41,55909
"10/01/1985";43,787
"11/01/1985";43,787
"12/01/1985";43,78715
"01/01/1986";44,074
"02/01/1986";44,074
"03/01/1986";44,07415
"04/01/1986";45,307
"05/01/1986";45,307
"06/01/1986";45,30682
"07/01/1986";46,125
"08/01/1986";46,125
"09/01/1986";46,12536
"10/01/1986";47,553
"11/01/1986";47,553
"12/01/1986";47,55286
"01/01/1987";47,578
"02/01/1987";47,578
"03/01/1987";47,57835
"04/01/1987";48,049
"05/01/1987";48,049
"06/01/1987";48,04867
"07/01/1987";48,117
"08/01/1987";48,117
"09/01/1987";48,1165
"10/01/1987";48,557
"11/01/1987";48,557
"12/01/1987";48,55667
"01/01/1988";49,032
"02/01/1988";49,032
"03/01/1988";49,03151
"04/01/1988";49,087
"05/01/1988";49,087
"06/01/1988";49,08744
"07/01/1988";49,257
"08/01/1988";49,257
"09/01/1988";49,25732
"10/01/1988";49,715
"11/01/1988";49,715
"12/01/1988";49,71548
"01/01/1989";49,733
"02/01/1989";49,733
"03/01/1989";49,73276
"04/01/1989";49,888
"05/01/1989";49,888
"06/01/1989";49,8876
"07/01/1989";50,171
"08/01/1989";50,171
"09/01/1989";50,17117
"10/01/1989";51,381
"11/01/1989";51,381
"12/01/1989";51,38111
"01/01/1990";51,969
"02/01/1990";51,969
"03/01/1990";51,96856
"04/01/1990";52,747
"05/01/1990";52,747
"06/01/1990";52,7473
"07/01/1990";53,753
"08/01/1990";53,753
"09/01/1990";53,75313
"10/01/1990";56,036
"11/01/1990";56,036
"12/01/1990";56,03613
"01/01/1991";57,417
"02/01/1991";57,417
"03/01/1991";57,41652
"04/01/1991";57,746
"05/01/1991";57,746
"06/01/1991";57,74551
"07/01/1991";59,061
"08/01/1991";59,061
"09/01/1991";59,06123
"10/01/1991";60,686
"11/01/1991";60,686
"12/01/1991";60,68599
"01/01/1992";60,997
"02/01/1992";60,997
"03/01/1992";60,99679
"04/01/1992";61,579
"05/01/1992";61,579
"06/01/1992";61,57938
"07/01/1992";61,898
"08/01/1992";61,898
"09/01/1992";61,89802
"10/01/1992";62,523
"11/01/1992";62,523
"12/01/1992";62,52256
"01/01/1993";62,867
"02/01/1993";62,867
"03/01/1993";62,86657
"04/01/1993";63,915
"05/01/1993";63,915
"06/01/1993";63,91524
"07/01/1993";64,101
"08/01/1993";64,101
"09/01/1993";64,10093
"10/01/1993";64,669
"11/01/1993";64,669
"12/01/1993";64,66861
"01/01/1994";64,307
"02/01/1994";64,307
"03/01/1994";64,30709
"04/01/1994";64,107
"05/01/1994";64,107
"06/01/1994";64,10716
"07/01/1994";64,012
"08/01/1994";64,012
"09/01/1994";64,01176
"10/01/1994";64,386
"11/01/1994";64,386
"12/01/1994";64,38584
"01/01/1995";64,663
"02/01/1995";64,663
"03/01/1995";64,66271
"04/01/1995";65,313
"05/01/1995";65,313
"06/01/1995";65,31294
"07/01/1995";64,739
"08/01/1995";64,739
"09/01/1995";64,73906
"10/01/1995";64,183
"11/01/1995";64,183
"12/01/1995";64,18282
"01/01/1996";65,042
"02/01/1996";65,042
"03/01/1996";65,04171
"04/01/1996";64,25
"05/01/1996";64,25
"06/01/1996";64,2497
"07/01/1996";64,255
"08/01/1996";64,255
"09/01/1996";64,25469
"10/01/1996";64,447
"11/01/1996";64,447
"12/01/1996";64,44697
"01/01/1997";64,344
"02/01/1997";64,344
"03/01/1997";64,34428
"04/01/1997";63,109
"05/01/1997";63,109
"06/01/1997";63,10907
"07/01/1997";62,487
"08/01/1997";62,487
"09/01/1997";62,48709
"10/01/1997";62,77
"11/01/1997";62,77
"12/01/1997";62,77032
"01/01/1998";62,51
"02/01/1998";62,51
"03/01/1998";62,50988
"04/01/1998";61,852
"05/01/1998";61,852
"06/01/1998";61,85196
"07/01/1998";60,587
"08/01/1998";60,587
"09/01/1998";60,58693
"10/01/1998";60,407
"11/01/1998";60,407
"12/01/1998";60,40696
"01/01/1999";60,049
"02/01/1999";60,049
"03/01/1999";60,04894
"04/01/1999";59,192
"05/01/1999";59,192
"06/01/1999";59,19227
"07/01/1999";58,393
"08/01/1999";58,393
"09/01/1999";58,39258
"10/01/1999";58,343
"11/01/1999";58,343
"12/01/1999";58,34336
"01/01/2000";57,721
"02/01/2000";57,721
"03/01/2000";57,72134
"04/01/2000";55,485
"05/01/2000";55,485
"06/01/2000";55,48491
"07/01/2000";54,992
"08/01/2000";54,992
"09/01/2000";54,99213
"10/01/2000";54,258
"11/01/2000";54,258
"12/01/2000";54,2579
"01/01/2001";55,144
"02/01/2001";55,144
"03/01/2001";55,14434
"04/01/2001";54,032
"05/01/2001";54,032
"06/01/2001";54,03165
"07/01/2001";54,798
"08/01/2001";54,798
"09/01/2001";54,79763
"10/01/2001";55,752
"11/01/2001";55,752
"12/01/2001";55,75216
"01/01/2002";55,697
"02/01/2002";55,697
"03/01/2002";55,6965
"04/01/2002";56,271
"05/01/2002";56,271
"06/01/2002";56,27087
"07/01/2002";56,703
"08/01/2002";56,703
"09/01/2002";56,7026
"10/01/2002";57,91
"11/01/2002";57,91
"12/01/2002";57,91028
"01/01/2003";57,819
"02/01/2003";57,819
"03/01/2003";57,81906
"04/01/2003";58,961
"05/01/2003";58,961
"06/01/2003";58,96101
"07/01/2003";58,645
"08/01/2003";58,645
"09/01/2003";58,64541
"10/01/2003";59,445
"11/01/2003";59,445
"12/01/2003";59,44466
"01/01/2004";59,807
"02/01/2004";59,807
"03/01/2004";59,8071
"04/01/2004";60,055
"05/01/2004";60,055
"06/01/2004";60,05487
"07/01/2004";59,966
"08/01/2004";59,966
"09/01/2004";59,96643
"10/01/2004";60,637
"11/01/2004";60,637
"12/01/2004";60,63713
"01/01/2005";60,913
"02/01/2005";60,913
"03/01/2005";60,91302
"04/01/2005";60,642
"05/01/2005";60,642
"06/01/2005";60,64153
"07/01/2005";60,359
"08/01/2005";60,359
"09/01/2005";60,35856
"10/01/2005";61,32
"11/01/2005";61,32
"12/01/2005";61,32008
"01/01/2006";61,556
"02/01/2006";61,556
"03/01/2006";61,55642
"04/01/2006";61,221
"05/01/2006";61,221
"06/01/2006";61,22142
"07/01/2006";61,333
"08/01/2006";61,333
"09/01/2006";61,3328
"10/01/2006";61,827
"11/01/2006";61,827
"12/01/2006";61,82689
"01/01/2007";62,253
"02/01/2007";62,253
"03/01/2007";62,25297
"04/01/2007";61,572
"05/01/2007";61,572
"06/01/2007";61,57219
"07/01/2007";61,848
"08/01/2007";61,848
"09/01/2007";61,84826
"10/01/2007";62,719
"11/01/2007";62,719
"12/01/2007";62,71924
"01/01/2008";64,173
"02/01/2008";64,173
"03/01/2008";64,17278
"04/01/2008";63,852
"05/01/2008";63,852
"06/01/2008";63,85172
"07/01/2008";67,285
"08/01/2008";67,285
"09/01/2008";67,28455
"10/01/2008";73,245
"11/01/2008";73,245
"12/01/2008";73,24515
"01/01/2009";77,105
"02/01/2009";77,105
"03/01/2009";77,10496
"04/01/2009";80,28
"05/01/2009";80,28
"06/01/2009";80,28013
"07/01/2009";82,427
"08/01/2009";82,427
"09/01/2009";82,42733
"10/01/2009";84,029
"11/01/2009";84,029
"12/01/2009";84,02935
"01/01/2010";86,512
"02/01/2010";86,512
"03/01/2010";86,51175
"04/01/2010";88,128
"05/01/2010";88,128
"06/01/2010";88,12832
"07/01/2010";89,565
"08/01/2010";89,565
"09/01/2010";89,56528
"10/01/2010";91,611
"11/01/2010";91,611
"12/01/2010";91,61134
"01/01/2011";92,956
"02/01/2011";92,956
"03/01/2011";92,95614
"04/01/2011";92,194
"05/01/2011";92,194
"06/01/2011";92,1938
"07/01/2011";94,521
"08/01/2011";94,521
"09/01/2011";94,52098
"10/01/2011";96,091
"11/01/2011";96,091
"12/01/2011";96,09072
"01/01/2012";97,123
"02/01/2012";97,123
"03/01/2012";97,12308
"04/01/2012";97,828
"05/01/2012";97,828
"06/01/2012";97,82763
"07/01/2012";98,448
"08/01/2012";98,448
"09/01/2012";98,44787
"10/01/2012";100,075
"11/01/2012";100,075
"12/01/2012";100,07497
"01/01/2013";100,856
"02/01/2013";100,856
"03/01/2013";100,73997
"04/01/2013";100,232
"05/01/2013";100,232
"06/01/2013";100,05758
"07/01/2013";98,978
"08/01/2013";98,978
"09/01/2013";98,72797
"10/01/2013";100,134
"11/01/2013";100,134
"12/01/2013";99,79118
"01/01/2014";102,665
"02/01/2014";102,665
"03/01/2014";102,34617
"04/01/2014";100,973
"05/01/2014";100,973
"06/01/2014";100,6513
"07/01/2014";100,456
"08/01/2014";100,456
"09/01/2014";100,11145
"10/01/2014";101,618
"11/01/2014";101,618
"12/01/2014";101,2805
"01/01/2015";100,893
"02/01/2015";100,893
"03/01/2015";100,49009
"04/01/2015";99,771
"05/01/2015";99,771
"06/01/2015";99,30094
"07/01/2015";99,146
"08/01/2015";99,146
"09/01/2015";98,63595
"10/01/2015";103,219
"11/01/2015";103,219
"12/01/2015";102,64192
"01/01/2016";103,989
"02/01/2016";103,989
"03/01/2016";103,98904
"04/01/2016";103,58
"05/01/2016";103,58
"06/01/2016";103,58005
"07/01/2016";103,604
"08/01/2016";103,604
"09/01/2016";103,60355
"10/01/2016";104,649
"11/01/2016";104,649
"12/01/2016";104,64891
"01/01/2017";102,937
"02/01/2017";102,937
"03/01/2017";102,93741
"04/01/2017";102,088
"05/01/2017";102,088
"06/01/2017";102,08817
"07/01/2017";102,805
"08/01/2017";102,805
"09/01/2017";102,80463
"10/01/2017";102,274
"11/01/2017";102,274
"12/01/2017";102,27408
"01/01/2018";103,744
"02/01/2018";103,744
"03/01/2018";103,74395
"04/01/2018";102,984
"05/01/2018";102,984
"06/01/2018";102,98411
"07/01/2018";103,449
"08/01/2018";103,449
"09/01/2018";103,4489
"10/01/2018";105,049
"11/01/2018";105,049
"12/01/2018";105,04941
"01/01/2019";104,34
"02/01/2019";104,34
"03/01/2019";104,34017
"04/01/2019";102,922
"05/01/2019";102,922
"06/01/2019";102,92245
"07/01/2019";104,615
"08/01/2019";104,615
"09/01/2019";104,61492
"10/01/2019";105,782
"11/01/2019";105,782
"12/01/2019";105,78193
"01/01/2020";106,886
"02/01/2020";106,886
"03/01/2020";106,77007
"04/01/2020";132,815
"05/01/2020";132,815
"06/01/2020";132,66287
"07/01/2020";124,261
"08/01/2020";124,261
"09/01/2020";124,14692
"10/01/2020";125,733
"11/01/2020";125,733
"12/01/2020";125,62864
"01/01/2021";124,168
"02/01/2021";124,168
"03/01/2021";124,03752
"04/01/2021";122,083
"05/01/2021";122,083
"06/01/2021";121,78582
"07/01/2021";118,84
"08/01/2021";118,84
"09/01/2021";118,54086
"10/01/2021";119,535
"11/01/2021";119,535
"12/01/2021";119,3588
"01/01/2022";120,565
"02/01/2022";120,565
"03/01/2022";120,39819
"04/01/2022";118,456
"05/01/2022";118,456
"06/01/2022";118,20207
"07/01/2022";117,726
"08/01/2022";117,726
"09/01/2022";117,43832
"10/01/2022";117,526
"11/01/2022";117,526
"12/01/2022";117,36678
"01/01/2023";115,808
"02/01/2023";115,808
"03/01/2023";115,58614
"04/01/2023";117,77
"05/01/2023";117,77
"06/01/2023";117,44355
"07/01/2023";118,592
"08/01/2023";118,592
"09/01/2023";118,13897
"10/01/2023";120,16
"11/01/2023";120,16
"12/01/2023";119,61944
"01/01/2024";120,83
"02/01/2024";120,83
"03/01/2024";120,47631
"04/01/2024";120,04
"05/01/2024";120,04
"06/01/2024";119,50314
"07/01/2024";120,731
"08/01/2024";120,731
"09/01/2024";120,17172
"10/01/2024";121,85
"11/01/2024";121,85
"12/01/2024";121,43633
"01/01/2025";120,808
"02/01/2025";120,808
"03/01/2025";120,54515
"06/01/2025";118,78171
"09/01/2025";121,02875
"12/01/2025";122,56815
"03/01/2026";122,77209